鞍褐色皮制链式表带,40mm,Apple Watch,鞍褐色皮制链式表带.jpeg,100,1
鞍褐色现代风扣式表带,40mm,Apple Watch,鞍褐色现代风扣式表带.jpeg,100,1
暗橄榄绿色编织单圈表带,40mm,Apple Watch,暗橄榄绿色编织单圈表带.jpeg,100,1
暗海蓝色回环式运动表带,40mm,Apple Watch,暗海蓝色回环式运动表带.jpeg,100,1
白色单圈表带,40mm,Apple Watch,白色单圈表带.jpeg,100,1
白色运动型表带,40mm,Apple Watch,白色运动型表带.jpeg,100,1
彩虹版编织单圈表带,40mm,Apple Watch,彩虹版编织单圈表带.jpeg,100,1
地中海蓝色运动型表带,40mm,Apple Watch,地中海蓝色运动型表带.jpeg,100,1
靛海蓝色皮制链式表带,40mm,Apple Watch,靛海蓝色皮制链式表带.jpeg,100,1
绯红色现代风扣式表带,40mm,Apple Watch,绯红色现代风扣式表带.jpeg,100,1
粉白色皮制链式表带,40mm,Apple Watch,粉白色皮制链式表带.jpeg,100,1
粉橘色单圈表带,40mm,Apple Watch,粉橘色单圈表带.jpeg,100,1
粉橘色现代风扣式表带,40mm,Apple Watch,粉橘色现代风扣式表带.jpeg,100,1
粉砂色运动型表带,40mm,Apple Watch,粉砂色运动型表带.jpeg,100,1
凫青色运动型表带,40mm,Apple Watch,凫青色运动型表带.jpeg,100,1
橄榄色回环式运动表带,40mm,Apple Watch,橄榄色回环式运动表带.jpeg,100,1
国际系列澳大利亚款回环式运动表带,40mm,Apple Watch,国际系列澳大利亚款回环式运动表带.jpeg,100,1
国际系列巴西款回环式运动表带,40mm,Apple Watch,国际系列巴西款回环式运动表带.jpeg,100,1
国际系列比利时款回环式运动表带,40mm,Apple Watch,国际系列比利时款回环式运动表带.jpeg,100,1
国际系列丹麦款回环式运动表带,40mm,Apple Watch,国际系列丹麦款回环式运动表带.jpeg,100,1
国际系列德国款回环式运动表带,40mm,Apple Watch,国际系列德国款回环式运动表带.jpeg,100,1
国际系列俄罗斯款回环式运动表带,40mm,Apple Watch,国际系列俄罗斯款回环式运动表带.jpeg,100,1
国际系列法国款回环式运动表带,40mm,Apple Watch,国际系列法国款回环式运动表带.jpeg,100,1
国际系列韩国款回环式运动表带,40mm,Apple Watch,国际系列韩国款回环式运动表带.jpeg,100,1
国际系列荷兰款回环式运动表带,40mm,Apple Watch,国际系列荷兰款回环式运动表带.jpeg,100,1
国际系列加拿大款回环式运动表带,40mm,Apple Watch,国际系列加拿大款回环式运动表带.jpeg,100,1
国际系列美国款回环式运动表带,40mm,Apple Watch,国际系列美国款回环式运动表带.jpeg,100,1
国际系列墨西哥款回环式运动表带,40mm,Apple Watch,国际系列墨西哥款回环式运动表带.jpeg,100,1
国际系列南非款回环式运动表带,40mm,Apple Watch,国际系列南非款回环式运动表带.jpeg,100,1
国际系列日本款回环式运动表带,40mm,Apple Watch,国际系列日本款回环式运动表带.jpeg,100,1
国际系列瑞典款回环式运动表带,40mm,Apple Watch,国际系列瑞典款回环式运动表带.jpeg,100,1
国际系列西班牙款回环式运动表带,40mm,Apple Watch,国际系列西班牙款回环式运动表带.jpeg,100,1
国际系列希腊款回环式运动表带,40mm,Apple Watch,国际系列希腊款回环式运动表带.jpeg,100,1
国际系列新西兰款回环式运动表带,40mm,Apple Watch,国际系列新西兰款回环式运动表带.jpeg,100,1
国际系列牙买加款回环式运动表带,40mm,Apple Watch,国际系列牙买加款回环式运动表带.jpeg,100,1
国际系列意大利款回环式运动表带,40mm,Apple Watch,国际系列意大利款回环式运动表带.jpeg,100,1
国际系列英国款回环式运动表带,40mm,Apple Watch,国际系列英国款回环式运动表带.jpeg,100,1
国际系列中国款回环式运动表带,40mm,Apple Watch,国际系列中国款回环式运动表带.jpeg,100,1
海湾蓝色单圈表带,40mm,Apple Watch,海湾蓝色单圈表带.jpeg,100,1
海盐色回环式运动表带,40mm,Apple Watch,海盐色回环式运动表带.jpeg,100,1
黑色单圈表带,40mm,Apple Watch,黑色单圈表带.jpeg,100,1
黑色皮制链式表带,40mm,Apple Watch,黑色皮制链式表带.jpeg,100,1
黑色运动型表带,40mm,Apple Watch,黑色运动型表带.jpeg,100,1
红色编织单圈表带,40mm,Apple Watch,红色编织单圈表带.jpeg,100,1
红色单圈表带,40mm,Apple Watch,红色单圈表带.jpeg,100,1
红色回环式运动表带,40mm,Apple Watch,红色回环式运动表带.jpeg,100,1
红色运动型表带,40mm,Apple Watch,红色运动型表带.jpeg,100,1
花菱草色皮制链式表带,40mm,Apple Watch,花菱草色皮制链式表带.jpeg,100,1
姜黄色单圈表带,40mm,Apple Watch,姜黄色单圈表带.jpeg,100,1
金橘色单圈表带,40mm,Apple Watch,金橘色单圈表带.jpeg,100,1
金色米兰尼斯表带,40mm,Apple Watch,金色米兰尼斯表带.jpeg,100,1
开心果色编织单圈表带,40mm,Apple Watch,开心果色编织单圈表带.jpeg,100,1
开心果色单圈表带,40mm,Apple Watch,开心果色单圈表带.jpeg,100,1
冷海蓝色编织单圈表带,40mm,Apple Watch,冷海蓝色编织单圈表带.jpeg,100,1
亮光橙色编织单圈表带,40mm,Apple Watch,亮光橙色编织单圈表带.jpeg,100,1
梅子色回环式运动表带,40mm,Apple Watch,梅子色回环式运动表带.jpeg,100,1
蜜瓜色单圈表带,40mm,Apple Watch,蜜瓜色单圈表带.jpeg,100,1
蜜瓜色运动型表带,40mm,Apple Watch,蜜瓜色运动型表带.jpeg,100,1
木炭色编织单圈表带,40mm,Apple Watch,木炭色编织单圈表带.jpeg,100,1
木炭色回环式运动表带,40mm,Apple Watch,木炭色回环式运动表带.jpeg,100,1
深海军蓝色单圈表带,40mm,Apple Watch,深海军蓝色单圈表带.jpeg,100,1
深海军蓝色回环式运动表带,40mm,Apple Watch,深海军蓝色回环式运动表带.jpeg,100,1
深海军蓝色运动型表带,40mm,Apple Watch,深海军蓝色运动型表带.jpeg,100,1
深空黑色链式表带,40mm,Apple Watch,深空黑色链式表带.jpeg,100,1
深绿色单圈表带,40mm,Apple Watch,深绿色单圈表带.jpeg,100,1
深绿色运动型表带,40mm,Apple Watch,深绿色运动型表带.jpeg,100,1
石榴红色现代风扣式表带,40mm,Apple Watch,石榴红色现代风扣式表带.jpeg,100,1
石墨色米兰尼斯表带,40mm,Apple Watch,石墨色米兰尼斯表带.jpeg,100,1
鲜粉色编织单圈表带,40mm,Apple Watch,鲜粉色编织单圈表带.jpeg,100,1
向日葵色回环式运动表带,40mm,Apple Watch,向日葵色回环式运动表带.jpeg,100,1
银色链式表带,40mm,Apple Watch,银色链式表带.jpeg,100,1
银色米兰尼斯表带,40mm,Apple Watch,银色米兰尼斯表带.jpeg,100,1
Black Unity 运动型表带,40mm,Apple Watch,Black Unity 运动型表带.jpeg,100,1
鞍褐色皮制回环形表带,44mm,Apple Watch,鞍褐色皮制回环形表带.png,100,1
鞍褐色皮制链式表带,44mm,Apple Watch,鞍褐色皮制链式表带.png,100,1
暗橄榄绿色编织单圈表,44mm,Apple Watch,暗橄榄绿色编织单圈表.png,100,1
暗海蓝色回环式运动表带,44mm,Apple Watch,暗海蓝色回环式运动表带.png,100,1
白色单圈表带,44mm,Apple Watch,白色单圈表带.png,100,1
白色运动型表带,44mm,Apple Watch,白色运动型表带.png,100,1
彩虹版编织单圈表带,44mm,Apple Watch,彩虹版编织单圈表带.png,100,1
地中海蓝色运动型表带,44mm,Apple Watch,地中海蓝色运动型表带.png,100,1
靛海蓝色皮制链式表带,44mm,Apple Watch,靛海蓝色皮制链式表带.png,100,1
粉白色皮制链式表带,44mm,Apple Watch,粉白色皮制链式表带.png,100,1
粉橘色单圈表带,44mm,Apple Watch,粉橘色单圈表带.png,100,1
粉橘色运动型表带,44mm,Apple Watch,粉橘色运动型表带.png,100,1
粉蓝色单圈表带,44mm,Apple Watch,粉蓝色单圈表带.png,100,1
粉砂色运动型表带,44mm,Apple Watch,粉砂色运动型表带.png,100,1
凫青色运动型表带,44mm,Apple Watch,凫青色运动型表带.png,100,1
橄榄色回环式运动表带,44mm,Apple Watch,橄榄色回环式运动表带.png,100,1
国际系列澳大利亚款回环式运动表带,44mm,Apple Watch,国际系列澳大利亚款回环式运动表带.png,100,1
国际系列巴西款回环式运动表带,44mm,Apple Watch,国际系列巴西款回环式运动表带.png,100,1
国际系列比利时款回环式运动表带,44mm,Apple Watch,国际系列比利时款回环式运动表带.png,100,1
国际系列丹麦款回环式运动表带,44mm,Apple Watch,国际系列丹麦款回环式运动表带.png,100,1
国际系列德国款回环式运动表带,44mm,Apple Watch,国际系列德国款回环式运动表带.png,100,1
国际系列俄罗斯款回环式运动表带,44mm,Apple Watch,国际系列俄罗斯款回环式运动表带.png,100,1
国际系列法国款回环式运动表带,44mm,Apple Watch,国际系列法国款回环式运动表带.png,100,1
国际系列韩国款回环式运动表带,44mm,Apple Watch,国际系列韩国款回环式运动表带.png,100,1
国际系列荷兰款回环式运动表带,44mm,Apple Watch,国际系列荷兰款回环式运动表带.png,100,1
国际系列加拿大款回环式运动表带,44mm,Apple Watch,国际系列加拿大款回环式运动表带.png,100,1
国际系列美国款回环式运动表带,44mm,Apple Watch,国际系列美国款回环式运动表带.png,100,1
国际系列墨西哥款回环式运动表带,44mm,Apple Watch,国际系列墨西哥款回环式运动表带.png,100,1
国际系列南非款回环式运动表带,44mm,Apple Watch,国际系列南非款回环式运动表带.png,100,1
国际系列日本款回环式运动表带,44mm,Apple Watch,国际系列日本款回环式运动表带.png,100,1
国际系列瑞典款回环式运动表带,44mm,Apple Watch,国际系列瑞典款回环式运动表带.png,100,1
国际系列西班牙款回环式运动表带,44mm,Apple Watch,国际系列西班牙款回环式运动表带.png,100,1
国际系列希腊款回环式运动表带,44mm,Apple Watch,国际系列希腊款回环式运动表带.png,100,1
国际系列新西兰款回环式运动表带,44mm,Apple Watch,国际系列新西兰款回环式运动表带.png,100,1
国际系列牙买加款回环式运动表带,44mm,Apple Watch,国际系列牙买加款回环式运动表带.png,100,1
国际系列意大利款回环式运动表带,44mm,Apple Watch,国际系列意大利款回环式运动表带.png,100,1
国际系列英国款回环式运动表带,44mm,Apple Watch,国际系列英国款回环式运动表带.png,100,1
国际系列中国款回环式运动表带,44mm,Apple Watch,国际系列中国款回环式运动表带.png,100,1
海底蓝色皮制回环形表,44mm,Apple Watch,海底蓝色皮制回环形表.png,100,1
海湾蓝色单圈表带,44mm,Apple Watch,海湾蓝色单圈表带.png,100,1
海盐色回环式运动表带,44mm,Apple Watch,海盐色回环式运动表带.png,100,1
黑色单圈表带,44mm,Apple Watch,黑色单圈表带.png,100,1
黑色皮制回环形表带,44mm,Apple Watch,黑色皮制回环形表带.png,100,1
黑色皮制链式表带,44mm,Apple Watch,黑色皮制链式表带.png,100,1
黑色运动型表带,44mm,Apple Watch,黑色运动型表带.png,100,1
红色编织单圈表带,44mm,Apple Watch,红色编织单圈表带.png,100,1
红色单圈表带,44mm,Apple Watch,红色单圈表带.png,100,1
红色回环式运动表带,44mm,Apple Watch,红色回环式运动表带.png,100,1
红色运动型表带,44mm,Apple Watch,红色运动型表带.png,100,1
花菱草色皮制链式表带,44mm,Apple Watch,花菱草色皮制链式表带.png,100,1
姜黄色单圈表带,44mm,Apple Watch,姜黄色单圈表带.png,100,1
金橘色单圈表带,44mm,Apple Watch,金橘色单圈表带.png,100,1
金色米兰尼斯表带,44mm,Apple Watch,金色米兰尼斯表带.png,100,1
开心果色编织单圈表带,44mm,Apple Watch,开心果色编织单圈表带.png,100,1
开心果色单圈表带,44mm,Apple Watch,开心果色单圈表带.png,100,1
冷海蓝色编织单圈表带,44mm,Apple Watch,冷海蓝色编织单圈表带.png,100,1
亮光橙色编织单圈表带,44mm,Apple Watch,亮光橙色编织单圈表带.png,100,1
梅子色单圈表带,44mm,Apple Watch,梅子色单圈表带.png,100,1
梅子色回环式运动表带,44mm,Apple Watch,梅子色回环式运动表带.png,100,1
蜜瓜色单圈表带,44mm,Apple Watch,蜜瓜色单圈表带.png,100,1
蜜瓜色运动型表带,44mm,Apple Watch,蜜瓜色运动型表带.png,100,1
木炭色编织单圈表带,44mm,Apple Watch,木炭色编织单圈表带.png,100,1
木炭色回环式运动表带,44mm,Apple Watch,木炭色回环式运动表带.png,100,1
深海军蓝色单圈表带,44mm,Apple Watch,深海军蓝色单圈表带.png,100,1
深海军蓝色回环式运动表带,44mm,Apple Watch,深海军蓝色回环式运动表带.png,100,1
深海军蓝色运动型表带,44mm,Apple Watch,深海军蓝色运动型表带.png,100,1
深空黑色链式表带,44mm,Apple Watch,深空黑色链式表带.png,100,1
深绿色单圈表带,44mm,Apple Watch,深绿色单圈表带.png,100,1
深绿色运动型表带,44mm,Apple Watch,深绿色运动型表带.png,100,1
石墨色米兰尼斯表带,44mm,Apple Watch,石墨色米兰尼斯表带.png,100,1
鲜粉色编织单圈表带,44mm,Apple Watch,鲜粉色编织单圈表带.png,100,1
向日葵色回环式运动表带,44mm,Apple Watch,向日葵色回环式运动表带.png,100,1
银色链式表带,44mm,Apple Watch,银色链式表带.png,100,1
银色米兰尼斯表带,44mm,Apple Watch,银色米兰尼斯表带.png,100,1
Black Unity 运动型表,44mm,Apple Watch,Black Unity 运动型表.png,100,1
Bleu Saphir 宝石蓝色 Swift 皮革 Attelage Double Tour 表带,40mm,Apple Watch Hermes,Bleu Saphir 宝石蓝色 Swift 皮革 Attelage Double Tour 表带.png,100,1
Fauve 棕色 Barenia 皮革 Attelage Double Tour 表带,40mm,Apple Watch Hermes,Fauve 棕色 Barenia 皮革 Attelage Double Tour 表带.jpeg,100,1
Fauve 棕色 Barenia 皮革 Double Tour 表带,40mm,Apple Watch Hermes,Fauve 棕色 Barenia 皮革 Double Tour 表带.png,100,1
Fauve 棕色 Barenia 皮革 Single Tour 表带,40mm,Apple Watch Hermes,Fauve 棕色 Barenia 皮革 Single Tour 表带.png,100,1
Noir 黑色 Swift 皮革 Attelage Double Tour 表带,40mm,Apple Watch Hermes,Noir 黑色 Swift 皮革 Attelage Double Tour 表带.jpeg,100,1
Noir 黑色 Swift 皮革 Double Tour 表带,40mm,Apple Watch Hermes,Noir 黑色 Swift 皮革 Double Tour 表带.jpeg,100,1
Noir 黑色 Swift 皮革 Single Tour 表带,40mm,Apple Watch Hermes,Noir 黑色 Swift 皮革 Single Tour 表带.png,100,1
Orange 经典橙色 Swift 皮革 Single Tour 表带,40mm,Apple Watch Hermes,Orange 经典橙色 Swift 皮革 Single Tour 表带.png,100,1
Orange Rose Mexico 经典橙配墨西哥粉色 Jumping Single Tour 表带,40mm,Apple Watch Hermes,Orange Rose Mexico 经典橙配墨西哥粉色 Jumping Single Tour 表带.png,100,1
Rose Mexico 墨西哥粉色 Swift 皮革 Attelage Double Tour 表带,40mm,Apple Watch Hermes,Rose Mexico 墨西哥粉色 Swift 皮革 Attelage Double Tour 表带.png,100,1
Rouge de Cœur Rouge H 心红配经典红色 Jumping Single Tour 表带,40mm,Apple Watch Hermes,Rouge de Cœur Rouge H 心红配经典红色 Jumping Single Tour 表带.png,100,1
经典蓝色 Jumping Single Tour 表带,44mm,Apple Watch Hermes,经典蓝色 Jumping Single Tour 表带.png,100,1
Bleu Saphir Orange 宝石蓝配经典橙色 Jumping Single Tour 表带,44mm,Apple Watch Hermes,Bleu Saphir Orange 宝石蓝配经典橙色 Jumping Single Tour 表带.jpeg,100,1
Ébène 檀木色 Barénia 皮革 Single Tour Deployment Buckle 表带,44mm,Apple Watch Hermes,Ébène 檀木色 Barénia 皮革 Single Tour Deployment Buckle 表带.jpeg,100,1
Fauve 棕色 Barénia 皮革 Attelage Single Tour 表带,44mm,Apple Watch Hermes,Fauve 棕色 Barénia 皮革 Attelage Single Tour 表带.jpeg,100,1
Fauve 棕色 Barénia 皮革 Single Tour 表带,44mm,Apple Watch Hermes,Fauve 棕色 Barénia 皮革 Single Tour 表带.jpeg,100,1
Kraft Rouge de Cœur 牛皮纸色配心红色 Jumping Single Tour 表带,44mm,Apple Watch Hermes,Kraft Rouge de Cœur 牛皮纸色配心红色 Jumping Single Tour 表带.jpeg,100,1
Noir 黑色 Swift 皮革 Single Tour 表带,44mm,Apple Watch Hermes,Noir 黑色 Swift 皮革 Single Tour 表带.jpeg,100,1
Noir 黑色 Swift 皮革 Single Tour Deployment Buckle 表带,44mm,Apple Watch Hermes,Noir 黑色 Swift 皮革 Single Tour Deployment Buckle 表带.jpeg,100,1
Orange 经典橙色 Swift 皮革 Single Tour 表带,44mm,Apple Watch Hermes,Orange 经典橙色 Swift 皮革 Single Tour 表带.jpeg,100,1
Rouge de Cœur/Rouge H 心红配经典红色 Jumping Single Tour 表带,44mm,Apple Watch Hermes,Rouge de Cœur Rouge H 心红配经典红色 Jumping Single Tour 表带.jpeg,100,1
白金配黑色 Nike 运动表带,40mm,Apple Watch Nike,白金配黑色 Nike 运动表带_40mm.png,100,1
彩虹版 Nike 回环式运动表带,40mm,Apple Watch Nike,彩虹版 Nike 回环式运动表带_40mm.png,100,1
黑色 Nike 回环式运动表带,40mm,Apple Watch Nike,黑色 Nike 回环式运动表带_40mm.png,100,1
戟叶绿配浅银色 Nike 运动表带,40mm,Apple Watch Nike,戟叶绿配浅银色 Nike 运动表带_40mm.png,100,1
矿石灰配黑色 Nike 运动表带,40mm,Apple Watch Nike,矿石灰配黑色 Nike 运动表带_40mm.png,100,1
氯蓝配光辉绿色 Nike 运动表带,40mm,Apple Watch Nike,氯蓝配光辉绿色 Nike 运动表带_40mm.png,100,1
煤黑配黑色 Nike 运动表带,40mm,Apple Watch Nike,煤黑配黑色 Nike 运动表带_40mm.png,100,1
雪峰白色 Nike 回环式运动表带,40mm,Apple Watch Nike,雪峰白色 Nike 回环式运动表带_40mm.png,100,1
白金配黑色 Nike 运动表带,44mm,Apple Watch Nike,白金配黑色 Nike 运动表带_44mm.png,100,1
彩虹版 Nike 回环式运动表带,44mm,Apple Watch Nike,彩虹版 Nike 回环式运动表带_44mm.png,100,1
黑色 Nike 回环式运动表带,44mm,Apple Watch Nike,黑色 Nike 回环式运动表带_44mm.png,100,1
戟叶绿配浅银色 Nike 运动表带,44mm,Apple Watch Nike,戟叶绿配浅银色 Nike 运动表带_44mm.png,100,1
矿石灰配黑色 Nike 运动表带,44mm,Apple Watch Nike,矿石灰配黑色 Nike 运动表带_44mm.png,100,1
亮云杉配雾绿色 Nike 运动表带,44mm,Apple Watch Nike,亮云杉配雾绿色 Nike 运动表带_44mm.png,100,1
亮云杉色 Nike 回环式运动表带,44mm,Apple Watch Nike,亮云杉色 Nike 回环式运动表带_44mm.png,100,1
氯蓝配光辉绿色 Nike 运动表带,44mm,Apple Watch Nike,氯蓝配光辉绿色 Nike 运动表带_44mm.png,100,1
煤黑配黑色 Nike 运动表带,44mm,Apple Watch Nike,煤黑配黑色 Nike 运动表带_44mm.png,100,1
雪峰白色 Nike 回环式运动表带,44mm,Apple Watch Nike,雪峰白色 Nike 回环式运动表带_44mm.png,100,1
