40 毫米红色铝金属表壳,40mm,Apple Watch,40 毫米红色铝金属表壳.png,经典红色,1
40 毫米金色不锈钢表壳,40mm,Apple Watch,40 毫米金色不锈钢表壳.png,金色,1
40 毫米金色铝金属表壳,40mm,Apple Watch,40 毫米金色铝金属表壳.png,金色,1
40 毫米蓝色铝金属表壳,40mm,Apple Watch,40 毫米蓝色铝金属表壳.png,蓝色,1
40 毫米深空黑色钛金属表壳,40mm,Apple Watch,40 毫米深空黑色钛金属表壳.png,深空黑,1
40 毫米深空灰色铝金属表壳,40mm,Apple Watch,40 毫米深空灰色铝金属表壳.png,深空灰,1
40 毫米石墨色不锈钢表壳,40mm,Apple Watch,40 毫米石墨色不锈钢表壳.png,石墨色,1
40 毫米钛金属表壳,40mm,Apple Watch,40 毫米钛金属表壳.png,钛金属,1
40 毫米银色不锈钢表壳,40mm,Apple Watch,40 毫米银色不锈钢表壳.png,银色,1
40 毫米银色铝金属表壳,40mm,Apple Watch,40 毫米银色铝金属表壳.png,银色,1
44 毫米红色铝金属表壳,44m,Apple Watch,44 毫米红色铝金属表壳.png,经典红色,1
44 毫米金色不锈钢表壳,44m,Apple Watch,44 毫米金色不锈钢表壳.png,金色,1
44 毫米金色铝金属表壳,44m,Apple Watch,44 毫米金色铝金属表壳.png,金色,1
44 毫米蓝色铝金属表壳,44m,Apple Watch,44 毫米蓝色铝金属表壳.png,蓝色,1
44 毫米深空黑色钛金属表壳,44m,Apple Watch,44 毫米深空黑色钛金属表壳.png,深空黑,1
44 毫米深空灰色铝金属表壳,44m,Apple Watch,44 毫米深空灰色铝金属表壳.png,深空灰,1
44 毫米石墨色不锈钢表壳,44m,Apple Watch,44 毫米石墨色不锈钢表壳.png,石墨色,1
44 毫米钛金属表壳,44m,Apple Watch,44 毫米钛金属表壳.png,钛金属,1
44 毫米银色不锈钢表壳,Apple Watch,44 毫米银色不锈钢表壳.png,银色,1
44 毫米银色铝金属表壳,Apple Watch,44 毫米银色铝金属表壳.png,银色,1
40 毫米深空黑色不锈钢表壳,40mm,Apple Watch Hermes,40 毫米深空黑色不锈钢表壳.png,深空黑,1
40 毫米银色不锈钢表壳,40mm,Apple Watch Hermes,40 毫米银色不锈钢表壳.png,银色,1
44 毫米深空黑色不锈钢表壳,44mm,Apple Watch Hermes,44 毫米深空黑色不锈钢表壳.png,深空黑,1
44 毫米银色不锈钢表壳,44mm,Apple Watch Hermes,44 毫米银色不锈钢表壳.png,银色,1
40 毫米深空灰色铝金属表壳,40mm,Apple Watch Nike,40 毫米深空灰色铝金属表壳.png,深空灰,1
40 毫米银色铝金属表壳,40mm,Apple Watch Nike,40 毫米银色铝金属表壳.png,银色,1
44 毫米深空灰色铝金属表壳,44mm,Apple Watch Nike,44 毫米深空灰色铝金属表壳.png,深空灰,1
44 毫米银色铝金属表壳,44mm,Apple Watch Nike,44 毫米银色铝金属表壳.png,银色,1
