General1,40mm,Apple Watch SE,General1.png
General2,40mm,Apple Watch SE,General2.png
General3,40mm,Apple Watch SE,General3.png
General4,40mm,Apple Watch SE,General4.png
General5,40mm,Apple Watch SE,General5.png

General1,44mm,Apple Watch SE,General1.png
General2,44mm,Apple Watch SE,General2.png
General3,44mm,Apple Watch SE,General3.png
General4,44mm,Apple Watch SE,General4.png
General5,44mm,Apple Watch SE,General5.png

Nike1,40mm,Apple Watch Nike SE,Nike1.png
Nike2,40mm,Apple Watch Nike SE,Nike2.png
Nike3,40mm,Apple Watch Nike SE,Nike3.png
Nike4,40mm,Apple Watch Nike SE,Nike4.png
Nike5,40mm,Apple Watch Nike SE,Nike5.png

Nike1,44mm,Apple Watch Nike SE,Nike1.png
Nike2,44mm,Apple Watch Nike SE,Nike2.png
Nike3,44mm,Apple Watch Nike SE,Nike3.png
Nike4,44mm,Apple Watch Nike SE,Nike4.png
Nike5,44mm,Apple Watch Nike SE,Nike5.png
